{
  "stationary": {
    "20": 0.006375070282998996,
    "10": 0.009197791569374718,
    "0": 0.08793571785614059
  },
  "nonstationary": {
    "20": 0.0061434742443016955,
    "10": 0.010866907485488549,
    "0": 0.07817352663030275
  },
  "multispeaker": {
    "20": 0.013304543201157362,
    "10": 0.06771867494953257,
    "0": 0.4317492745526519
  }
}