model,cer,wer
babble-25000,0.16712590827342585,0.41686885704869686
babble-28000,0.16456399895836266,0.41105640398985577
baseline-23500,0.17115031294940436,0.43718499039362146
baseline-28000,0.16774848670624548,0.42502620663753204
complex-26000,0.14056992071710042,0.37633972648695896
complex-28000,0.1407002596594664,0.3754830546060534
static-25000,0.1407413364122394,0.3768513830266782
static-28000,0.13917341938338157,0.3730666896172376
